Export,Access review
What this is,"Every principal that can authenticate, the role it holds, and every permission that role carries. Generated from the database, not maintained by hand."
Database,development (ythzaiqeoijlrdibnieo)
Generated,2026-09-12 00:21:39
Staff accounts,10
Customer accounts,1
Partner accounts,1
Roles defined,7
Grants defined,117
Accounts that have never signed in,5
Staff accounts with no verified second factor,10
Demonstration rows,"9 of 10 staff rows are seeded demonstrations, named in the last column rather than removed."
Accounts holding the widest role,"2 of 10, each with 47 permissions: ceo@36west.org, demo.admin@example.com"
FINDING: demonstration accounts holding the widest role,demo.admin@example.com. A seeded account holding every permission is correct on a development database and would be a finding on production. This report does not know which it is looking at beyond the Database line above.
FINDING: active accounts that have never signed in,"demo.split.1788963418364@demo-audit.invalid, demo.engineer.1788963421903@demo-audit.invalid, standing.demo.engineer@demo-audit.invalid. An account that has never been used is an account nobody would notice being used."
"FINDING: widest role, no second factor","ceo@36west.org, demo.admin@example.com. Migration 0025 made the second factor optional by default for the administrator and engineer roles, deliberately, so a single operator could not lock themselves out. It is still the case that the accounts which can do the most are the ones not required to hold one."
Suspended accounts,none
Attested by,NOBODY. No attestation has been recorded for this review.
What this cannot tell you,"Whether each person still needs the access listed. That is the attestation, and it is a human judgement this platform records rather than makes."

Principal,Email,Name,Role,Status,Suspended,Created,Last sign in,Second factor,Grants,Permissions,Demonstration
staff,ceo@36west.org,Robert Reyna,admin,invited,,2026-09-02 18:39:58,never,no,47,accounts.manage audit.read billing.read clients.create clients.list clients.update documents.deliver documents.read evidence.review evidence.start evidence.submit files.cancel files.create files.list files.transition files.update jobs.manage ledger.approve ledger.read_all ledger.read_own messages.use offers.dispatch offers.list_own offers.respond payments.charge payments.reconcile payments.refund pricing.read profiles.create profiles.force_reset profiles.list profiles.read_self profiles.suspend profiles.update profiles.update_self responsible_charge.read_all responsible_charge.read_own tasks.use time.log_own roles.manage partners.manage reports.revenue reports.production reports.pipeline reports.partner suppressions.manage retention.execute,
staff,demo.tech.coastal@example.com,"Demo Tech, Coastal Bend",field_tech,active,,2026-09-02 21:49:05,2026-09-06 00:44:07,no,11,evidence.capture evidence.start evidence.submit files.list ledger.read_own messages.use offers.list_own offers.respond profiles.read_self profiles.update_self tasks.use,DEMONSTRATION
staff,demo.tech.valley@example.com,"Demo Tech, Rio Grande Valley",field_tech,active,,2026-09-02 21:49:06,2026-09-02 22:03:52,no,11,evidence.capture evidence.start evidence.submit files.list ledger.read_own messages.use offers.list_own offers.respond profiles.read_self profiles.update_self tasks.use,DEMONSTRATION
staff,demo.tech.uncertified@example.com,"Demo Tech, Not Yet Certified",field_tech,active,,2026-09-02 21:49:07,2026-09-02 23:31:43,no,11,evidence.capture evidence.start evidence.submit files.list ledger.read_own messages.use offers.list_own offers.respond profiles.read_self profiles.update_self tasks.use,DEMONSTRATION
staff,demo.admin@example.com,Demo Administrator,admin,active,,2026-09-02 21:50:17,2026-09-07 00:22:43,no,47,accounts.manage audit.read billing.read clients.create clients.list clients.update documents.deliver documents.read evidence.review evidence.start evidence.submit files.cancel files.create files.list files.transition files.update jobs.manage ledger.approve ledger.read_all ledger.read_own messages.use offers.dispatch offers.list_own offers.respond payments.charge payments.reconcile payments.refund pricing.read profiles.create profiles.force_reset profiles.list profiles.read_self profiles.suspend profiles.update profiles.update_self responsible_charge.read_all responsible_charge.read_own tasks.use time.log_own roles.manage partners.manage reports.revenue reports.production reports.pipeline reports.partner suppressions.manage retention.execute,DEMONSTRATION
staff,demo.applicant@example.com,Demo Applicant,field_tech,invited,,2026-09-02 22:43:16,never,no,11,evidence.capture evidence.start evidence.submit files.list ledger.read_own messages.use offers.list_own offers.respond profiles.read_self profiles.update_self tasks.use,DEMONSTRATION
staff,demo.engineer@example.com,Demo Engineer,engineer,active,,2026-09-03 01:05:10,2026-09-03 17:25:40,no,18,clients.list documents.deliver documents.read evidence.review evidence.start evidence.submit files.list files.transition files.update ledger.read_own messages.use pricing.read profiles.read_self profiles.update_self responsible_charge.read_own tasks.use time.log_own reports.production,DEMONSTRATION
staff,demo.split.1788963418364@demo-audit.invalid,Demo Split 418364,engineer,active,,2026-09-09 14:15:33,never,no,18,clients.list documents.deliver documents.read evidence.review evidence.start evidence.submit files.list files.transition files.update ledger.read_own messages.use pricing.read profiles.read_self profiles.update_self responsible_charge.read_own tasks.use time.log_own reports.production,DEMONSTRATION
staff,demo.engineer.1788963421903@demo-audit.invalid,Demo Engineer 421903,engineer,active,,2026-09-09 14:15:43,never,no,18,clients.list documents.deliver documents.read evidence.review evidence.start evidence.submit files.list files.transition files.update ledger.read_own messages.use pricing.read profiles.read_self profiles.update_self responsible_charge.read_own tasks.use time.log_own reports.production,DEMONSTRATION
staff,standing.demo.engineer@demo-audit.invalid,Standing Demo Engineer,engineer,active,,2026-09-09 14:17:28,never,no,18,clients.list documents.deliver documents.read evidence.review evidence.start evidence.submit files.list files.transition files.update ledger.read_own messages.use pricing.read profiles.read_self profiles.update_self responsible_charge.read_own tasks.use time.log_own reports.production,DEMONSTRATION
customer,demo.buyer@example.com,,customer,active,,2026-09-04 14:12:53,2026-09-04 14:32:27,not applicable,not role based,"Not role based. Scoped by ownership to this account's own orders, files and statements. Enforced in src/lib/customer-auth.ts, never by a grant row.",
partner,demo.partner@example.com,,partner,active,,2026-09-06 02:04:02,2026-09-06 03:19:39,not applicable,not role based,"Not role based. Scoped by ownership to this partner's own record, touches, entries and statements. Enforced in src/lib/partner-auth.ts.",